,date,currency,value
0,17/12/2021,ZAR,17.916108
1,18/12/2021,ZAR,17.895601
2,19/12/2021,ZAR,17.895601
3,20/12/2021,ZAR,17.924248
4,21/12/2021,ZAR,17.822899
5,22/12/2021,ZAR,17.911698
6,23/12/2021,ZAR,17.828911
7,24/12/2021,ZAR,17.741953
8,25/12/2021,ZAR,17.667689
9,26/12/2021,ZAR,17.667689
10,27/12/2021,ZAR,17.59957
11,28/12/2021,ZAR,17.609473
12,29/12/2021,ZAR,17.839406
13,30/12/2021,ZAR,18.085269
14,31/12/2021,ZAR,18.027489
15,01/01/2022,ZAR,18.138658
16,02/01/2022,ZAR,18.138658
17,03/01/2022,ZAR,18.115972
18,04/01/2022,ZAR,17.914262
19,05/01/2022,ZAR,18.106954
20,06/01/2022,ZAR,18.011648
21,07/01/2022,ZAR,17.759945
22,08/01/2022,ZAR,17.704592
23,09/01/2022,ZAR,17.715726
24,10/01/2022,ZAR,17.665621
25,11/01/2022,ZAR,17.753477
26,12/01/2022,ZAR,17.630139
27,13/01/2022,ZAR,17.51358
28,14/01/2022,ZAR,17.706053
29,15/01/2022,ZAR,17.551569
30,16/01/2022,ZAR,17.551569
31,17/01/2022,ZAR,17.561655
32,18/01/2022,ZAR,17.561582
33,19/01/2022,ZAR,17.553842
34,20/01/2022,ZAR,17.409416
35,21/01/2022,ZAR,17.26468
36,22/01/2022,ZAR,17.132052
37,23/01/2022,ZAR,17.132052
38,24/01/2022,ZAR,17.120165
39,25/01/2022,ZAR,17.298159
40,26/01/2022,ZAR,17.262956
41,27/01/2022,ZAR,17.271355
42,28/01/2022,ZAR,17.210076
43,29/01/2022,ZAR,17.383279
44,30/01/2022,ZAR,17.383279
45,31/01/2022,ZAR,17.394856
46,01/02/2022,ZAR,17.29135
47,01/02/2022,ZAR,17.276881
48,02/02/2022,ZAR,17.215732
49,03/02/2022,ZAR,17.383082
50,04/02/2022,ZAR,17.460699
51,05/02/2022,ZAR,17.701165
52,06/02/2022,ZAR,17.701165
53,07/02/2022,ZAR,17.705842
54,08/02/2022,ZAR,17.713942
55,09/02/2022,ZAR,17.53298
56,10/02/2022,ZAR,17.371559
57,11/02/2022,ZAR,17.306799
58,12/02/2022,ZAR,17.267983
59,13/02/2022,ZAR,17.270026
60,14/02/2022,ZAR,17.302887
61,15/02/2022,ZAR,17.072372
62,16/02/2022,ZAR,17.157052
63,17/02/2022,ZAR,17.086488
64,18/02/2022,ZAR,17.039401
65,19/02/2022,ZAR,17.115527
66,20/02/2022,ZAR,17.115527
67,21/02/2022,ZAR,17.144588
68,22/02/2022,ZAR,17.159903
69,23/02/2022,ZAR,17.073041
70,24/02/2022,ZAR,17.097004
71,25/02/2022,ZAR,17.193759
72,26/02/2022,ZAR,17.060219
73,27/02/2022,ZAR,17.075905
74,28/02/2022,ZAR,17.14383
75,01/03/2022,ZAR,17.255486
76,02/03/2022,ZAR,17.125103
77,03/03/2022,ZAR,17.08151
78,04/03/2022,ZAR,16.804766
79,05/03/2022,ZAR,16.879778
80,06/03/2022,ZAR,16.92462
81,07/03/2022,ZAR,16.675996
82,08/03/2022,ZAR,16.670668
83,09/03/2022,ZAR,16.684977
84,10/03/2022,ZAR,16.656741
85,11/03/2022,ZAR,16.579459
86,12/03/2022,ZAR,16.418269
87,13/03/2022,ZAR,16.418269
88,14/03/2022,ZAR,16.422751
89,15/03/2022,ZAR,16.583274
90,16/03/2022,ZAR,16.584664
91,17/03/2022,ZAR,16.471095
92,18/03/2022,ZAR,16.589399
93,19/03/2022,ZAR,16.434026
94,20/03/2022,ZAR,16.434026
95,21/03/2022,ZAR,16.534228
96,22/03/2022,ZAR,16.436092
97,23/03/2022,ZAR,16.33241
98,24/03/2022,ZAR,16.247376
99,25/03/2022,ZAR,15.98039
100,26/03/2022,ZAR,15.868399
101,27/03/2022,ZAR,16.011179
102,28/03/2022,ZAR,16.110203
103,28/03/2022,ZAR,16.158236
104,29/03/2022,ZAR,16.124979
105,30/03/2022,ZAR,16.157822
106,31/03/2022,ZAR,16.219657
107,01/04/2022,ZAR,16.207475
108,02/04/2022,ZAR,16.140486
109,03/04/2022,ZAR,16.140534
110,04/04/2022,ZAR,16.002888
111,05/04/2022,ZAR,16.004732
112,06/04/2022,ZAR,16.012764
113,07/04/2022,ZAR,16.017935
114,08/04/2022,ZAR,16.026255
115,09/04/2022,ZAR,15.77805
116,10/04/2022,ZAR,15.77805
117,11/04/2022,ZAR,15.958966
118,12/04/2022,ZAR,15.862019
119,13/04/2022,ZAR,15.726661
120,14/04/2022,ZAR,15.84198
121,15/04/2022,ZAR,15.877202
122,16/04/2022,ZAR,15.837882
123,17/04/2022,ZAR,15.837882
124,18/04/2022,ZAR,15.812873
125,20/04/2022,ZAR,16.160256
126,21/04/2022,ZAR,16.311239
127,22/04/2022,ZAR,16.705391
128,23/04/2022,ZAR,16.755846
129,24/04/2022,ZAR,16.855112
130,25/04/2022,ZAR,16.892355
131,26/04/2022,ZAR,16.824634
132,27/04/2022,ZAR,16.881594
133,28/04/2022,ZAR,16.759227
134,29/04/2022,ZAR,16.767016
135,30/04/2022,ZAR,16.619416
136,01/05/2022,ZAR,16.619416
137,02/05/2022,ZAR,16.665698
138,03/05/2022,ZAR,16.923494
139,04/05/2022,ZAR,16.595847
140,05/05/2022,ZAR,16.460203
141,06/05/2022,ZAR,16.856903
142,07/05/2022,ZAR,16.949523
143,08/05/2022,ZAR,16.949523
144,09/05/2022,ZAR,16.931596
145,10/05/2022,ZAR,17.164888
146,11/05/2022,ZAR,16.990353
147,12/05/2022,ZAR,16.927232
148,13/05/2022,ZAR,16.680721
149,14/05/2022,ZAR,16.825937
150,15/05/2022,ZAR,16.832436
151,16/05/2022,ZAR,16.811533
152,17/05/2022,ZAR,16.875649
153,18/05/2022,ZAR,16.790508
154,19/05/2022,ZAR,16.840234
155,20/05/2022,ZAR,16.751123
156,21/05/2022,ZAR,16.654421
157,22/05/2022,ZAR,16.654421
158,23/05/2022,ZAR,16.751862
159,24/05/2022,ZAR,16.867802
160,25/05/2022,ZAR,16.82341
161,26/05/2022,ZAR,16.797996
162,27/05/2022,ZAR,16.867091
163,28/05/2022,ZAR,16.711108
164,29/05/2022,ZAR,16.711108
165,30/05/2022,ZAR,16.735648
166,31/05/2022,ZAR,16.687598
167,01/06/2022,ZAR,16.775005
168,02/06/2022,ZAR,16.651456
169,03/06/2022,ZAR,16.623922
170,04/06/2022,ZAR,16.661718
171,05/06/2022,ZAR,16.662398
172,06/06/2022,ZAR,16.660365
173,07/06/2022,ZAR,16.528749
174,08/06/2022,ZAR,16.454594
175,09/06/2022,ZAR,16.385382
176,10/06/2022,ZAR,16.453644
177,11/06/2022,ZAR,16.697926
178,12/06/2022,ZAR,16.680053
179,13/06/2022,ZAR,16.746546
180,14/06/2022,ZAR,16.727643
181,15/06/2022,ZAR,16.717154
182,16/06/2022,ZAR,16.481052
183,17/06/2022,ZAR,16.88027
184,18/06/2022,ZAR,16.827531
185,19/06/2022,ZAR,16.822094
186,20/06/2022,ZAR,16.812323
187,21/06/2022,ZAR,16.873206
188,22/06/2022,ZAR,16.773704
189,23/06/2022,ZAR,16.84413
190,24/06/2022,ZAR,16.815898
191,25/06/2022,ZAR,16.682921
192,26/06/2022,ZAR,16.682921
193,27/06/2022,ZAR,16.696923
194,28/06/2022,ZAR,16.781961
195,29/06/2022,ZAR,16.926849
196,30/06/2022,ZAR,16.958742
197,01/07/2022,ZAR,17.059541
198,02/07/2022,ZAR,17.205407
199,03/07/2022,ZAR,17.205407
200,04/07/2022,ZAR,17.053029
201,05/07/2022,ZAR,17.032727
202,06/07/2022,ZAR,16.975358
203,07/07/2022,ZAR,17.099838
204,08/07/2022,ZAR,17.025296
205,09/07/2022,ZAR,16.967195
206,10/07/2022,ZAR,17.134039
207,11/07/2022,ZAR,17.134039
208,12/07/2022,ZAR,17.193185
209,13/07/2022,ZAR,17.181697
210,14/07/2022,ZAR,17.037886
211,15/07/2022,ZAR,17.206216
212,16/07/2022,ZAR,17.240551
213,17/07/2022,ZAR,17.240385
214,18/07/2022,ZAR,17.243346
215,19/07/2022,ZAR,17.387405
216,20/07/2022,ZAR,17.483989
217,21/07/2022,ZAR,17.452097
218,22/07/2022,ZAR,17.39946
219,23/07/2022,ZAR,17.195575
220,24/07/2022,ZAR,17.201459
221,25/07/2022,ZAR,17.175679
222,26/07/2022,ZAR,17.163596
223,27/07/2022,ZAR,17.121539
224,28/07/2022,ZAR,17.037854
225,29/07/2022,ZAR,16.85874
226,30/07/2022,ZAR,16.834928
227,31/07/2022,ZAR,16.834928
228,01/08/2022,ZAR,17.00294
229,02/08/2022,ZAR,16.977603
230,03/08/2022,ZAR,17.106719
231,04/08/2022,ZAR,17.043001
232,05/08/2022,ZAR,17.021366
233,06/08/2022,ZAR,17.088405
234,07/08/2022,ZAR,17.082979
235,08/08/2022,ZAR,17.075065
236,09/08/2022,ZAR,16.968659
237,10/08/2022,ZAR,16.952473
238,11/08/2022,ZAR,16.688484
239,12/08/2022,ZAR,16.769151
240,13/08/2022,ZAR,16.593693
241,14/08/2022,ZAR,16.593693
242,15/08/2022,ZAR,16.648733
243,16/08/2022,ZAR,16.701318
244,17/08/2022,ZAR,16.665134
245,18/08/2022,ZAR,16.958746
246,19/08/2022,ZAR,17.020324
247,20/08/2022,ZAR,17.089553
248,21/08/2022,ZAR,17.087574
249,22/08/2022,ZAR,17.069962
250,23/08/2022,ZAR,16.8825
251,24/08/2022,ZAR,16.935988
252,25/08/2022,ZAR,16.892616
253,26/08/2022,ZAR,16.693141
254,27/08/2022,ZAR,16.828595
255,28/08/2022,ZAR,16.828914
256,29/08/2022,ZAR,16.846028
257,30/08/2022,ZAR,16.855397
258,31/08/2022,ZAR,17.014743
259,01/09/2022,ZAR,17.177891
260,02/09/2022,ZAR,17.185454
261,03/09/2022,ZAR,17.224891
262,04/09/2022,ZAR,17.224891
263,05/09/2022,ZAR,17.181021
264,06/09/2022,ZAR,17.09492
265,07/09/2022,ZAR,17.136613
266,08/09/2022,ZAR,17.2642
267,09/09/2022,ZAR,17.524961
268,10/09/2022,ZAR,17.385791
269,11/09/2022,ZAR,17.576642
270,12/09/2022,ZAR,17.403585
271,13/09/2022,ZAR,17.328339
272,14/09/2022,ZAR,17.386693
273,15/09/2022,ZAR,17.446566
274,16/09/2022,ZAR,17.565811
275,17/09/2022,ZAR,17.603236
276,18/09/2022,ZAR,17.6339
277,19/09/2022,ZAR,17.672896
278,20/09/2022,ZAR,17.723449
279,21/09/2022,ZAR,17.626611
280,22/09/2022,ZAR,17.445869
281,23/09/2022,ZAR,17.30651
282,24/09/2022,ZAR,17.444292
283,25/09/2022,ZAR,17.369876
284,26/09/2022,ZAR,17.393713
285,27/09/2022,ZAR,17.394323
286,28/09/2022,ZAR,17.289958
287,29/09/2022,ZAR,17.348832
288,30/09/2022,ZAR,17.687999
289,01/10/2022,ZAR,17.737872
290,02/10/2022,ZAR,17.737872
291,03/10/2022,ZAR,17.692338
292,04/10/2022,ZAR,17.543381
293,05/10/2022,ZAR,17.614923
294,06/10/2022,ZAR,17.623941
295,07/10/2022,ZAR,17.616921
296,08/10/2022,ZAR,17.519795
297,09/10/2022,ZAR,17.537249
298,10/10/2022,ZAR,17.623671
299,11/10/2022,ZAR,17.580422
300,12/10/2022,ZAR,17.629285
301,13/10/2022,ZAR,17.762471
302,14/10/2022,ZAR,17.784429
303,15/10/2022,ZAR,17.85354
304,16/10/2022,ZAR,17.85354
305,17/10/2022,ZAR,17.809036
306,18/10/2022,ZAR,17.791444
307,19/10/2022,ZAR,17.821309
308,20/10/2022,ZAR,17.837188
309,21/10/2022,ZAR,17.899709
310,22/10/2022,ZAR,17.840918
311,23/10/2022,ZAR,17.835238
312,24/10/2022,ZAR,17.831869
313,25/10/2022,ZAR,18.200719
314,26/10/2022,ZAR,18.14443
315,27/10/2022,ZAR,18.088875
316,28/10/2022,ZAR,17.931003
317,29/10/2022,ZAR,18.072446
318,30/10/2022,ZAR,18.072446
319,31/10/2022,ZAR,18.063309
320,01/11/2022,ZAR,18.137674
321,02/11/2022,ZAR,17.997028
322,03/11/2022,ZAR,17.923441
323,04/11/2022,ZAR,17.943029
324,05/11/2022,ZAR,17.874255
325,06/11/2022,ZAR,17.87424
326,07/11/2022,ZAR,17.885326
327,08/11/2022,ZAR,17.759924
328,09/11/2022,ZAR,17.851651
329,10/11/2022,ZAR,17.801712
330,11/11/2022,ZAR,17.709605
331,12/11/2022,ZAR,17.882013
332,13/11/2022,ZAR,17.883858
333,14/11/2022,ZAR,17.870561
334,15/11/2022,ZAR,17.874532
335,16/11/2022,ZAR,17.915039
336,17/11/2022,ZAR,17.931644
337,18/11/2022,ZAR,18.001807
338,19/11/2022,ZAR,17.85668
339,20/11/2022,ZAR,17.856711
340,21/11/2022,ZAR,17.801633
341,22/11/2022,ZAR,17.763983
342,23/11/2022,ZAR,17.79515
343,24/11/2022,ZAR,17.671459
344,25/11/2022,ZAR,17.716801
345,26/11/2022,ZAR,17.812015
346,27/11/2022,ZAR,17.795977
347,28/11/2022,ZAR,17.80301
348,29/11/2022,ZAR,17.758941
349,30/11/2022,ZAR,17.573142
350,01/12/2022,ZAR,17.915665
351,02/12/2022,ZAR,18.48413
352,03/12/2022,ZAR,18.446126
353,04/12/2022,ZAR,18.476308
354,05/12/2022,ZAR,18.259786
355,06/12/2022,ZAR,18.324879
356,07/12/2022,ZAR,18.146284
357,08/12/2022,ZAR,18.043308
358,09/12/2022,ZAR,18.121007
359,10/12/2022,ZAR,18.304323
360,11/12/2022,ZAR,18.303415
361,12/12/2022,ZAR,18.26384
362,13/12/2022,ZAR,18.5405
363,14/12/2022,ZAR,18.372348
364,15/12/2022,ZAR,18.336182
365,16/12/2022,ZAR,18.619917
366,17/12/2022,ZAR,18.690454
367,18/12/2022,ZAR,18.694687
368,19/12/2022,ZAR,18.712331
369,20/12/2022,ZAR,18.384622
370,21/12/2022,ZAR,18.394074
371,22/12/2022,ZAR,18.250036
372,23/12/2022,ZAR,18.189896
373,24/12/2022,ZAR,18.146149
374,25/12/2022,ZAR,18.150021
375,26/12/2022,ZAR,18.524618
376,27/12/2022,ZAR,18.133915
377,28/12/2022,ZAR,18.354605
378,29/12/2022,ZAR,18.204874
379,30/12/2022,ZAR,18.064236
380,31/12/2022,ZAR,18.260131
381,01/01/2023,ZAR,18.260019
382,02/01/2023,ZAR,18.177264
383,03/01/2023,ZAR,18.140241
384,04/01/2023,ZAR,17.959876
385,05/01/2023,ZAR,17.915837
386,06/01/2023,ZAR,18.06858
387,07/01/2023,ZAR,18.243362
388,08/01/2023,ZAR,18.243351
389,09/01/2023,ZAR,18.180078
390,10/01/2023,ZAR,18.202593
391,11/01/2023,ZAR,18.1837
392,12/01/2023,ZAR,18.222118
393,13/01/2023,ZAR,18.163404
394,14/01/2023,ZAR,18.234553
395,15/01/2023,ZAR,18.233946
396,16/01/2023,ZAR,18.232931
397,17/01/2023,ZAR,18.489206
398,18/01/2023,ZAR,18.412444
399,19/01/2023,ZAR,18.508236
400,20/01/2023,ZAR,18.718902
401,21/01/2023,ZAR,18.610522
402,22/01/2023,ZAR,18.616627
403,23/01/2023,ZAR,18.610688
404,24/01/2023,ZAR,18.698566
405,25/01/2023,ZAR,18.664567
406,26/01/2023,ZAR,18.707713
407,27/01/2023,ZAR,18.721808
408,28/01/2023,ZAR,18.704209
409,29/01/2023,ZAR,18.704183
410,30/01/2023,ZAR,18.712401
411,31/01/2023,ZAR,18.880084
412,01/02/2023,ZAR,18.893954
413,02/02/2023,ZAR,18.765773
414,03/02/2023,ZAR,18.622449
415,04/02/2023,ZAR,18.913413
416,05/02/2023,ZAR,18.913716
417,06/02/2023,ZAR,18.866996
418,07/02/2023,ZAR,18.952799
419,08/02/2023,ZAR,18.827664
420,09/02/2023,ZAR,19.030408
421,10/02/2023,ZAR,19.085423
422,11/02/2023,ZAR,19.021256
423,12/02/2023,ZAR,19.155457
424,13/02/2023,ZAR,19.150017
425,14/02/2023,ZAR,19.170467
426,15/02/2023,ZAR,19.214898
427,16/02/2023,ZAR,19.268482
428,17/02/2023,ZAR,19.378914
429,18/02/2023,ZAR,19.351286
430,19/02/2023,ZAR,19.352338
431,20/02/2023,ZAR,19.290272
432,21/02/2023,ZAR,19.322911
433,22/02/2023,ZAR,19.459579
434,23/02/2023,ZAR,19.342193
435,24/02/2023,ZAR,19.318982
436,25/02/2023,ZAR,19.50071
437,26/02/2023,ZAR,19.499602
438,27/02/2023,ZAR,19.438944
439,28/02/2023,ZAR,19.549036
440,01/03/2023,ZAR,19.408935
441,02/03/2023,ZAR,19.342757
442,03/03/2023,ZAR,19.281899
443,04/03/2023,ZAR,19.320369
444,05/03/2023,ZAR,19.322217
445,06/03/2023,ZAR,19.30159
446,07/03/2023,ZAR,19.482248
447,08/03/2023,ZAR,19.640335
448,09/03/2023,ZAR,19.617938
449,10/03/2023,ZAR,19.658826
450,11/03/2023,ZAR,19.526511
451,12/03/2023,ZAR,19.526296
452,13/03/2023,ZAR,19.529671
453,14/03/2023,ZAR,19.545404
454,15/03/2023,ZAR,19.484439
455,16/03/2023,ZAR,19.460876
456,17/03/2023,ZAR,19.533232
457,18/03/2023,ZAR,19.818023
458,19/03/2023,ZAR,20.196244
459,20/03/2023,ZAR,19.583722
460,21/03/2023,ZAR,19.848667
461,22/03/2023,ZAR,19.98219
462,23/03/2023,ZAR,19.795255
463,24/03/2023,ZAR,19.626853
464,25/03/2023,ZAR,19.588416
465,26/03/2023,ZAR,19.590537
466,27/03/2023,ZAR,19.594245
467,28/03/2023,ZAR,19.754845
468,29/03/2023,ZAR,19.678861
469,30/03/2023,ZAR,19.641011
470,31/03/2023,ZAR,19.426268
471,01/04/2023,ZAR,19.343163
472,02/04/2023,ZAR,19.343163
473,03/04/2023,ZAR,19.274146
474,04/04/2023,ZAR,19.432623
475,05/04/2023,ZAR,19.64231
476,06/04/2023,ZAR,19.69905
477,07/04/2023,ZAR,19.898654
478,08/04/2023,ZAR,19.92038
479,09/04/2023,ZAR,19.875334
480,10/04/2023,ZAR,19.889019
481,11/04/2023,ZAR,20.11662
482,12/04/2023,ZAR,20.059662
483,13/04/2023,ZAR,20.25653
484,14/04/2023,ZAR,19.943254
485,15/04/2023,ZAR,21.098399
486,16/04/2023,ZAR,20.006865
487,17/04/2023,ZAR,19.898627
488,18/04/2023,ZAR,20.008303
489,19/04/2023,ZAR,19.923157
490,20/04/2023,ZAR,19.904716
491,21/04/2023,ZAR,19.748378
492,22/04/2023,ZAR,20.07065
493,23/04/2023,ZAR,20.07065
494,24/04/2023,ZAR,19.870212
495,25/04/2023,ZAR,20.050406
496,26/04/2023,ZAR,20.109678
497,27/04/2023,ZAR,20.282296
498,28/04/2023,ZAR,20.1986
499,29/04/2023,ZAR,20.424003
500,30/04/2023,ZAR,20.417849
501,01/05/2023,ZAR,20.147572
502,02/05/2023,ZAR,20.182449
503,03/05/2023,ZAR,20.338059
504,04/05/2023,ZAR,20.234665
505,05/05/2023,ZAR,20.163815
506,06/05/2023,ZAR,20.426718
507,07/05/2023,ZAR,20.426718
508,08/05/2023,ZAR,20.280795
509,09/05/2023,ZAR,20.139987
510,10/05/2023,ZAR,20.428219
511,11/05/2023,ZAR,20.716441
512,12/05/2023,ZAR,20.900806
513,13/05/2023,ZAR,21.266795
514,14/05/2023,ZAR,21.272736
515,15/05/2023,ZAR,20.808394
516,16/05/2023,ZAR,20.680681
517,17/05/2023,ZAR,20.737286
518,18/05/2023,ZAR,20.888624
519,19/05/2023,ZAR,20.829102
520,20/05/2023,ZAR,21.052921
521,21/05/2023,ZAR,21.053704
522,22/05/2023,ZAR,21.012127
523,23/05/2023,ZAR,20.794827
524,24/05/2023,ZAR,20.680536
525,25/05/2023,ZAR,20.697249
526,26/05/2023,ZAR,21.239794
527,27/05/2023,ZAR,21.097689
528,28/05/2023,ZAR,21.097689
529,29/05/2023,ZAR,21.074972
530,30/05/2023,ZAR,21.078229
531,31/05/2023,ZAR,21.120287
532,01/06/2023,ZAR,21.078013
533,02/06/2023,ZAR,21.124762
534,03/06/2023,ZAR,20.925684
535,04/06/2023,ZAR,20.926017
536,05/06/2023,ZAR,20.890949
537,06/06/2023,ZAR,20.650989
538,07/06/2023,ZAR,20.541563
539,08/06/2023,ZAR,20.451832
540,09/06/2023,ZAR,20.333945
541,10/06/2023,ZAR,20.12544
542,11/06/2023,ZAR,20.145982
543,12/06/2023,ZAR,20.124758
544,13/06/2023,ZAR,19.979492
545,14/06/2023,ZAR,20.090832
546,15/06/2023,ZAR,19.874108
547,16/06/2023,ZAR,19.967747
548,17/06/2023,ZAR,19.936025
549,18/06/2023,ZAR,19.936025
550,19/06/2023,ZAR,19.909165
551,20/06/2023,ZAR,19.859613
552,21/06/2023,ZAR,20.071076
553,22/06/2023,ZAR,20.142357
554,23/06/2023,ZAR,20.286357
555,24/06/2023,ZAR,20.488409
556,25/06/2023,ZAR,20.491032
557,26/06/2023,ZAR,20.429438
558,27/06/2023,ZAR,20.357725
559,28/06/2023,ZAR,20.297126
560,29/06/2023,ZAR,20.366004
561,30/06/2023,ZAR,20.391254
562,01/07/2023,ZAR,20.56192
563,02/07/2023,ZAR,20.56192
564,03/07/2023,ZAR,20.533597
565,04/07/2023,ZAR,20.502326
566,05/07/2023,ZAR,20.309136
567,06/07/2023,ZAR,20.408168
568,07/07/2023,ZAR,20.810068
569,08/07/2023,ZAR,20.980909
570,09/07/2023,ZAR,20.930075
571,10/07/2023,ZAR,20.675216
572,11/07/2023,ZAR,20.68846
573,12/07/2023,ZAR,20.355417
574,13/07/2023,ZAR,20.204563
575,14/07/2023,ZAR,20.115109
576,15/07/2023,ZAR,20.286984
577,16/07/2023,ZAR,20.362252
578,17/07/2023,ZAR,20.336968
579,18/07/2023,ZAR,20.263689
580,19/07/2023,ZAR,20.063993
581,20/07/2023,ZAR,20.019998
582,21/07/2023,ZAR,19.928183
583,22/07/2023,ZAR,19.823524
584,23/07/2023,ZAR,19.89186
585,24/07/2023,ZAR,20.002487
586,25/07/2023,ZAR,19.629979
587,26/07/2023,ZAR,19.401018
588,27/07/2023,ZAR,19.529362
589,28/07/2023,ZAR,19.581443
590,29/07/2023,ZAR,19.05281
591,30/07/2023,ZAR,19.05281
592,31/07/2023,ZAR,19.441237
593,01/08/2023,ZAR,19.648699
594,02/08/2023,ZAR,20.114157
595,03/08/2023,ZAR,20.202557
596,04/08/2023,ZAR,20.433962
597,05/08/2023,ZAR,20.361787
598,06/08/2023,ZAR,20.361787
599,07/08/2023,ZAR,20.306537
600,08/08/2023,ZAR,20.576809
601,09/08/2023,ZAR,20.754128
602,10/08/2023,ZAR,20.839799
603,11/08/2023,ZAR,20.689991
604,12/08/2023,ZAR,20.7789
605,13/08/2023,ZAR,20.7789
606,14/08/2023,ZAR,20.731961
607,15/08/2023,ZAR,20.815092
608,16/08/2023,ZAR,20.887123
609,17/08/2023,ZAR,20.863639
610,18/08/2023,ZAR,20.745959
611,19/08/2023,ZAR,20.755591
612,20/08/2023,ZAR,20.755591
613,21/08/2023,ZAR,20.651805
614,22/08/2023,ZAR,20.685839
615,23/08/2023,ZAR,20.398065
616,24/08/2023,ZAR,20.076399
617,25/08/2023,ZAR,20.329868
618,26/08/2023,ZAR,20.102842
619,27/08/2023,ZAR,20.102842
620,28/08/2023,ZAR,20.104772
621,29/08/2023,ZAR,20.134036
622,30/08/2023,ZAR,20.10392
623,31/08/2023,ZAR,20.435147
624,01/09/2023,ZAR,20.453706
625,02/09/2023,ZAR,20.344079
626,03/09/2023,ZAR,20.344079
627,04/09/2023,ZAR,20.30359
628,05/09/2023,ZAR,20.653608
629,06/09/2023,ZAR,20.528251
630,07/09/2023,ZAR,20.608147
631,08/09/2023,ZAR,20.482028
632,09/09/2023,ZAR,20.485675
633,10/09/2023,ZAR,20.485675
634,11/09/2023,ZAR,20.456609
635,12/09/2023,ZAR,20.293499
636,13/09/2023,ZAR,20.371845
637,14/09/2023,ZAR,20.185016
638,15/09/2023,ZAR,20.230666
639,16/09/2023,ZAR,20.246416
640,17/09/2023,ZAR,20.246416
641,18/09/2023,ZAR,20.238575
642,19/09/2023,ZAR,20.347309
643,20/09/2023,ZAR,20.223359
644,21/09/2023,ZAR,20.083635
645,22/09/2023,ZAR,20.21815
646,23/09/2023,ZAR,20.013907
647,24/09/2023,ZAR,20.013907
648,25/09/2023,ZAR,19.955476
649,26/09/2023,ZAR,19.890017
650,27/09/2023,ZAR,20.154958
651,28/09/2023,ZAR,20.180963
652,29/09/2023,ZAR,20.051384
653,30/09/2023,ZAR,20.032827
654,01/10/2023,ZAR,20.032827
655,02/10/2023,ZAR,19.958482
656,03/10/2023,ZAR,20.141079
657,04/10/2023,ZAR,20.216402
658,05/10/2023,ZAR,20.339263
659,06/10/2023,ZAR,20.599465
660,07/10/2023,ZAR,20.481711
661,08/10/2023,ZAR,20.481711
662,09/10/2023,ZAR,20.449149
663,10/10/2023,ZAR,20.44153
664,11/10/2023,ZAR,20.175124
665,12/10/2023,ZAR,19.995762
666,13/10/2023,ZAR,20.029845
667,14/10/2023,ZAR,19.98559
668,15/10/2023,ZAR,19.98559
669,16/10/2023,ZAR,19.959809
670,17/10/2023,ZAR,19.829484
671,18/10/2023,ZAR,19.878756
672,19/10/2023,ZAR,20.002688
673,20/10/2023,ZAR,20.129469
674,21/10/2023,ZAR,19.500702
675,22/10/2023,ZAR,19.500702
676,23/10/2023,ZAR,20.125677
677,24/10/2023,ZAR,20.225814
678,25/10/2023,ZAR,20.171017
679,26/10/2023,ZAR,20.222611
680,27/10/2023,ZAR,20.019607
681,28/10/2023,ZAR,19.940917
682,29/10/2023,ZAR,19.940917
683,30/10/2023,ZAR,19.865005
684,31/10/2023,ZAR,19.992017
685,01/11/2023,ZAR,19.710445
686,02/11/2023,ZAR,19.577526
687,03/11/2023,ZAR,19.569162
688,04/11/2023,ZAR,19.552206
689,05/11/2023,ZAR,19.552206
690,06/11/2023,ZAR,19.592923
691,07/11/2023,ZAR,19.624927
692,08/11/2023,ZAR,19.61047
693,09/11/2023,ZAR,19.804536
694,10/11/2023,ZAR,19.909876
695,11/11/2023,ZAR,20.063322
696,12/11/2023,ZAR,20.063322
697,13/11/2023,ZAR,20.039065
698,14/11/2023,ZAR,20.022253
699,15/11/2023,ZAR,19.832526
700,16/11/2023,ZAR,19.729435
701,17/11/2023,ZAR,19.945455
702,18/11/2023,ZAR,20.117387
703,19/11/2023,ZAR,20.024193
704,20/11/2023,ZAR,19.99846
705,21/11/2023,ZAR,20.067635
706,22/11/2023,ZAR,20.322588
707,23/11/2023,ZAR,20.562421
708,24/11/2023,ZAR,20.541158
709,25/11/2023,ZAR,20.572671
710,26/11/2023,ZAR,20.572671
711,27/11/2023,ZAR,20.581655
712,28/11/2023,ZAR,20.436756
713,29/11/2023,ZAR,20.445868
714,30/11/2023,ZAR,20.576662
715,01/12/2023,ZAR,20.547574
716,02/12/2023,ZAR,20.324378
717,03/12/2023,ZAR,20.313315
718,04/12/2023,ZAR,20.244091
719,05/12/2023,ZAR,20.377637
720,06/12/2023,ZAR,20.45625
721,07/12/2023,ZAR,20.424333
722,08/12/2023,ZAR,20.262962
723,09/12/2023,ZAR,20.4286
724,10/12/2023,ZAR,20.4286
725,11/12/2023,ZAR,20.416405
726,12/12/2023,ZAR,20.551475
727,13/12/2023,ZAR,20.424611
728,14/12/2023,ZAR,20.334866
729,15/12/2023,ZAR,20.142462
730,16/12/2023,ZAR,20.009186
731,17/12/2023,ZAR,20.143933
732,18/12/2023,ZAR,19.974265
733,19/12/2023,ZAR,20.305838
734,20/12/2023,ZAR,20.13028
735,21/12/2023,ZAR,20.032169
736,22/12/2023,ZAR,20.212384
737,23/12/2023,ZAR,20.368196
738,24/12/2023,ZAR,20.379136
739,25/12/2023,ZAR,20.399868
740,26/12/2023,ZAR,20.388993
741,27/12/2023,ZAR,20.61187
742,28/12/2023,ZAR,20.458806
743,29/12/2023,ZAR,20.579633
744,30/12/2023,ZAR,20.230568
745,31/12/2023,ZAR,20.230568
746,01/01/2024,ZAR,20.224533
747,02/01/2024,ZAR,20.191988
748,03/01/2024,ZAR,20.338795
749,04/01/2024,ZAR,20.446742
750,05/01/2024,ZAR,20.475168
751,06/01/2024,ZAR,20.474461
752,07/01/2024,ZAR,20.474461
753,08/01/2024,ZAR,20.439327
754,09/01/2024,ZAR,20.376351
755,10/01/2024,ZAR,20.408392
756,11/01/2024,ZAR,20.497385
757,12/01/2024,ZAR,20.466965
758,13/01/2024,ZAR,20.058834
759,14/01/2024,ZAR,20.058834
760,15/01/2024,ZAR,20.440367
761,16/01/2024,ZAR,20.469081
762,17/01/2024,ZAR,20.637692
763,18/01/2024,ZAR,20.734608
764,19/01/2024,ZAR,20.588735
765,20/01/2024,ZAR,20.253926
766,21/01/2024,ZAR,20.253926
767,22/01/2024,ZAR,20.730615
768,23/01/2024,ZAR,20.900498
769,24/01/2024,ZAR,20.675972
770,25/01/2024,ZAR,20.552562
771,26/01/2024,ZAR,20.476218
772,27/01/2024,ZAR,20.410947
773,28/01/2024,ZAR,20.410947
774,29/01/2024,ZAR,20.392892
775,30/01/2024,ZAR,20.371886
776,31/01/2024,ZAR,20.372982
777,01/02/2024,ZAR,20.176423
778,02/02/2024,ZAR,20.207918
779,03/02/2024,ZAR,20.426197
780,04/02/2024,ZAR,20.426197
781,05/02/2024,ZAR,20.38565
782,06/02/2024,ZAR,20.496323
783,07/02/2024,ZAR,20.254455
784,08/02/2024,ZAR,20.376297
785,09/02/2024,ZAR,20.435251
786,10/02/2024,ZAR,20.635121
787,11/02/2024,ZAR,20.470932
788,12/02/2024,ZAR,20.513003
789,13/02/2024,ZAR,20.382763
790,14/02/2024,ZAR,20.488208
791,15/02/2024,ZAR,20.445142
792,16/02/2024,ZAR,20.408328
793,17/02/2024,ZAR,20.375925
794,18/02/2024,ZAR,20.375925
795,19/02/2024,ZAR,20.355435
796,20/02/2024,ZAR,20.425784
797,21/02/2024,ZAR,20.453268
798,22/02/2024,ZAR,20.461763
799,23/02/2024,ZAR,20.749292
800,24/02/2024,ZAR,20.863476
801,25/02/2024,ZAR,20.863476
802,26/02/2024,ZAR,20.884211
803,27/02/2024,ZAR,20.940828
804,28/02/2024,ZAR,20.697593
805,29/02/2024,ZAR,20.882711
806,01/03/2024,ZAR,20.727038
807,02/03/2024,ZAR,20.683545
808,03/03/2024,ZAR,20.683545
809,04/03/2024,ZAR,20.706429
810,05/03/2024,ZAR,20.687587
811,06/03/2024,ZAR,20.605452
812,07/03/2024,ZAR,20.509848
813,08/03/2024,ZAR,20.46371
814,09/03/2024,ZAR,20.441328
815,10/03/2024,ZAR,20.441328
816,11/03/2024,ZAR,20.565257
817,12/03/2024,ZAR,20.403802
818,13/03/2024,ZAR,20.407742
819,14/03/2024,ZAR,20.332356
820,15/03/2024,ZAR,20.404023
821,16/03/2024,ZAR,20.462331
822,17/03/2024,ZAR,20.462331
823,18/03/2024,ZAR,20.424892
824,19/03/2024,ZAR,20.616943
825,20/03/2024,ZAR,20.561726
826,21/03/2024,ZAR,20.468025
827,22/03/2024,ZAR,20.459767
828,23/03/2024,ZAR,20.704112
829,24/03/2024,ZAR,20.704112
830,25/03/2024,ZAR,20.529967
831,26/03/2024,ZAR,20.476984
832,27/03/2024,ZAR,20.558414
833,28/03/2024,ZAR,20.476655
834,29/03/2024,ZAR,20.431332
835,30/03/2024,ZAR,20.101779
836,31/03/2024,ZAR,20.101779
837,01/04/2024,ZAR,20.359924
838,02/04/2024,ZAR,20.342083
839,03/04/2024,ZAR,20.216307
840,04/04/2024,ZAR,20.239911
841,05/04/2024,ZAR,20.269463
842,06/04/2024,ZAR,20.317451
843,07/04/2024,ZAR,20.317451
844,08/04/2024,ZAR,20.261556
845,09/04/2024,ZAR,20.254374
846,10/04/2024,ZAR,20.036581
847,11/04/2024,ZAR,20.182284
848,12/04/2024,ZAR,20.08577
849,13/04/2024,ZAR,20.082465
850,14/04/2024,ZAR,20.082465
851,15/04/2024,ZAR,20.062591
852,16/04/2024,ZAR,20.172327
853,17/04/2024,ZAR,20.220723
854,18/04/2024,ZAR,20.260244
855,19/04/2024,ZAR,20.377524
856,20/04/2024,ZAR,20.581052
857,21/04/2024,ZAR,20.581052
858,22/04/2024,ZAR,20.406471
859,23/04/2024,ZAR,20.446234
860,24/04/2024,ZAR,20.459382
861,25/04/2024,ZAR,20.581437
862,26/04/2024,ZAR,20.417398
863,27/04/2024,ZAR,20.077746
864,28/04/2024,ZAR,20.099654
865,29/04/2024,ZAR,20.138683
866,30/04/2024,ZAR,19.962403
867,01/05/2024,ZAR,20.028533
868,02/05/2024,ZAR,19.883669
869,03/05/2024,ZAR,19.900659
870,04/05/2024,ZAR,19.937555
871,05/05/2024,ZAR,19.93759
872,06/05/2024,ZAR,19.936849
873,07/05/2024,ZAR,19.908995
874,08/05/2024,ZAR,19.901973
875,09/05/2024,ZAR,19.958771
876,10/05/2024,ZAR,19.908333
877,11/05/2024,ZAR,20.059912
878,12/05/2024,ZAR,20.015723
879,13/05/2024,ZAR,19.852741
880,14/05/2024,ZAR,19.804103
881,15/05/2024,ZAR,19.892271
882,16/05/2024,ZAR,19.887826
883,17/05/2024,ZAR,19.751923
884,18/05/2024,ZAR,19.971482
885,19/05/2024,ZAR,19.968601
886,20/05/2024,ZAR,19.752536
887,21/05/2024,ZAR,19.728268
888,22/05/2024,ZAR,19.619854
889,23/05/2024,ZAR,19.805908
890,24/05/2024,ZAR,19.96952
891,25/05/2024,ZAR,19.905077
892,26/05/2024,ZAR,19.993978
893,27/05/2024,ZAR,19.979404
894,28/05/2024,ZAR,19.96475
895,29/05/2024,ZAR,19.828457
896,30/05/2024,ZAR,19.928316
897,31/05/2024,ZAR,20.275583
898,01/06/2024,ZAR,20.405197
899,02/06/2024,ZAR,20.405229
900,03/06/2024,ZAR,20.378511
901,04/06/2024,ZAR,20.21572
902,05/06/2024,ZAR,20.36993
903,06/06/2024,ZAR,20.590408
904,07/06/2024,ZAR,20.644609
905,08/06/2024,ZAR,20.459738
906,09/06/2024,ZAR,20.458096
907,10/06/2024,ZAR,20.375022
908,11/06/2024,ZAR,20.165689
909,12/06/2024,ZAR,19.930303
910,13/06/2024,ZAR,19.87485
911,14/06/2024,ZAR,19.815558
912,15/06/2024,ZAR,19.674327
913,16/06/2024,ZAR,19.674334
914,17/06/2024,ZAR,19.651009
915,18/06/2024,ZAR,19.585536
916,19/06/2024,ZAR,19.370892
917,20/06/2024,ZAR,19.270123
918,21/06/2024,ZAR,19.240128
919,22/06/2024,ZAR,19.228207
920,23/06/2024,ZAR,19.228207
921,24/06/2024,ZAR,19.241968
922,25/06/2024,ZAR,19.432811
923,26/06/2024,ZAR,19.545475
924,27/06/2024,ZAR,19.413244
925,28/06/2024,ZAR,19.766568
926,29/06/2024,ZAR,19.159026
927,30/06/2024,ZAR,19.509456
928,01/07/2024,ZAR,19.378939
929,02/07/2024,ZAR,19.737232
930,03/07/2024,ZAR,19.992394
931,04/07/2024,ZAR,19.884731
932,05/07/2024,ZAR,19.749978
933,06/07/2024,ZAR,19.727663
934,07/07/2024,ZAR,19.727706
935,08/07/2024,ZAR,19.661958
936,09/07/2024,ZAR,19.605051
937,10/07/2024,ZAR,19.635423
938,11/07/2024,ZAR,19.613161
939,12/07/2024,ZAR,19.560848
940,13/07/2024,ZAR,19.606803
941,14/07/2024,ZAR,19.606716
942,15/07/2024,ZAR,19.601162
943,16/07/2024,ZAR,19.852097
944,17/07/2024,ZAR,19.669992
945,18/07/2024,ZAR,19.909425
946,19/07/2024,ZAR,19.90539
947,20/07/2024,ZAR,19.907349
948,21/07/2024,ZAR,19.907349
949,22/07/2024,ZAR,19.842396
950,23/07/2024,ZAR,19.868875
951,24/07/2024,ZAR,19.979624
952,25/07/2024,ZAR,19.893946
953,26/07/2024,ZAR,19.922725
954,27/07/2024,ZAR,19.880724
955,28/07/2024,ZAR,19.880724
956,29/07/2024,ZAR,19.842204
957,30/07/2024,ZAR,19.939957
958,31/07/2024,ZAR,19.815142
959,01/08/2024,ZAR,19.719952
960,02/08/2024,ZAR,19.728835
961,03/08/2024,ZAR,19.972658
962,04/08/2024,ZAR,19.960637
963,05/08/2024,ZAR,20.024606
964,06/08/2024,ZAR,20.228106
965,07/08/2024,ZAR,20.209732
966,08/08/2024,ZAR,20.106093
967,09/08/2024,ZAR,20.035474
